start,end,label
6.42659375,15.539093750000003,SPEAKER_01
15.67409375,17.59784375,SPEAKER_01
17.90159375,19.082843750000002,SPEAKER_01
20.348468750000002,22.30596875,SPEAKER_00
22.62659375,27.48659375,SPEAKER_01
27.891593750000002,33.24096875,SPEAKER_01
34.74284375,36.36284375,SPEAKER_00
37.510343750000004,44.12534375,SPEAKER_00
44.47971875,54.064718750000004,SPEAKER_00
54.85784375,56.14034375000001,SPEAKER_00
57.67596875,64.20659375000001,SPEAKER_00
64.78034375,70.87221875,SPEAKER_00
71.31096875,75.93471875,SPEAKER_00
76.12034375,79.56284375,SPEAKER_00
79.91721875,80.52471875,SPEAKER_00
81.38534375,98.32784375,SPEAKER_00
100.33596875,101.06159375,SPEAKER_01
101.06159375,101.19659375,SPEAKER_00
102.09096875,110.98409375000001,SPEAKER_00
112.06409375000001,113.90346875,SPEAKER_00
114.30846875,117.10971875000001,SPEAKER_00
117.32909375000001,123.42096875000001,SPEAKER_00
124.41659375,135.72284375,SPEAKER_00
136.39784375000002,137.44409375,SPEAKER_00
138.35534375,141.22409375,SPEAKER_00
142.05096875,142.64159375,SPEAKER_00
142.94534375,146.30346875,SPEAKER_00
146.53971875000002,146.80971875,SPEAKER_01
146.80971875,153.42471875,SPEAKER_00
153.66096875000002,156.00659375,SPEAKER_00
156.31034375000002,159.80346875,SPEAKER_00
160.10721875000002,162.94221875000002,SPEAKER_00
163.29659375,165.79409375,SPEAKER_01
166.58721875,171.68346875,SPEAKER_01
171.68346875,173.64096875,SPEAKER_00
173.43846875,184.00221875000003,SPEAKER_01
184.59284375000001,188.25471875000002,SPEAKER_01
188.89596875,198.05909375000002,SPEAKER_01
199.07159375,199.62846875000002,SPEAKER_00
199.89846875,201.24846875,SPEAKER_00
202.07534375,203.37471875,SPEAKER_01
204.25221875000003,205.55159375000002,SPEAKER_00
206.42909375000002,213.12846875000002,SPEAKER_00
213.34784375,214.93409375000002,SPEAKER_00
214.03971875000002,214.66409375,SPEAKER_01
215.06909375,220.85721875000002,SPEAKER_00
221.00909375,226.76346875000002,SPEAKER_00
227.38784375,230.74596875,SPEAKER_00
231.30284375000002,231.97784375,SPEAKER_00
232.28159375,238.64346875,SPEAKER_00
239.30159375000002,239.85846875000001,SPEAKER_00
240.55034375000002,248.17784375000002,SPEAKER_00
245.88284375,246.13596875000002,SPEAKER_01
249.30846875,249.91596875000002,SPEAKER_00
251.13096875000002,258.15096875,SPEAKER_00
258.43784375,258.79221875,SPEAKER_01
258.58971875000003,261.54284375000003,SPEAKER_00
262.28534375000004,262.97721875,SPEAKER_00
263.61846875000003,264.17534375,SPEAKER_00
264.86721875,269.47409375,SPEAKER_00
269.82846875,273.69284375,SPEAKER_00
274.24971875,274.85721875,SPEAKER_00
275.70096875,282.36659375,SPEAKER_00
281.40471875000003,281.97846875,SPEAKER_01
282.61971875,282.77159375,SPEAKER_00
282.77159375,282.85596875000005,SPEAKER_01
283.19346875,283.59846875,SPEAKER_01
283.59846875,284.10471875,SPEAKER_00
284.84721875,287.09159375,SPEAKER_00
287.61471875,288.61034375,SPEAKER_00
290.23034375000003,290.31471875,SPEAKER_00
290.43284375,300.03471875,SPEAKER_00
300.60846875000004,301.03034375000004,SPEAKER_01
301.03034375000004,305.01284375,SPEAKER_00
305.55284375,308.20221875000004,SPEAKER_00
308.77596875,309.31596875,SPEAKER_00
310.26096875,310.66596875000005,SPEAKER_00
311.18909375000004,313.50096875,SPEAKER_00
314.69909375000003,316.69034375,SPEAKER_00
316.85909375,318.02346875,SPEAKER_00
318.52971875000003,318.91784375000003,SPEAKER_01
318.91784375000003,320.65596875,SPEAKER_00
321.26346875,323.13659375000003,SPEAKER_00
323.42346875000004,326.32596875,SPEAKER_00
326.86596875000004,330.73034375000003,SPEAKER_00
331.08471875000004,332.04659375,SPEAKER_00
332.31659375000004,334.98284375000003,SPEAKER_00
335.33721875000003,340.11284375,SPEAKER_00
339.38721875000005,339.80909375000005,SPEAKER_01
341.37846875,342.37409375000004,SPEAKER_00
342.67784375,343.30221875,SPEAKER_00
342.79596875000004,342.84659375,SPEAKER_01
343.85909375,344.88846875,SPEAKER_00
345.10784375000003,347.23409375,SPEAKER_00
347.31846875,354.37221875,SPEAKER_00
353.00534375,353.03909375,SPEAKER_01
355.31721875,362.38784375,SPEAKER_00
363.48471875,364.00784375,SPEAKER_00
365.20596875,365.64471875000004,SPEAKER_00
366.40409375,366.89346875,SPEAKER_00
367.14659375,372.96846875,SPEAKER_00
373.57596875,381.92909375000005,SPEAKER_00
381.27096875,381.69284375,SPEAKER_01
382.53659375,388.96596875,SPEAKER_00
389.62409375000004,390.78846875000005,SPEAKER_00
390.90659375,391.29471875,SPEAKER_00
391.29471875,391.73346875000004,SPEAKER_01
391.73346875000004,395.85096875000005,SPEAKER_00
396.40784375000004,397.90971875,SPEAKER_00
399.14159375,403.79909375000005,SPEAKER_00
405.16596875000005,407.42721875,SPEAKER_00
408.10221875,410.16096875000005,SPEAKER_00
410.95409375,411.88221875000005,SPEAKER_00
412.60784375000003,413.16471875,SPEAKER_00
414.24471875,414.71721875000003,SPEAKER_00
414.98721875,421.50096875,SPEAKER_00
419.74596875000003,420.21846875,SPEAKER_01
421.68659375000004,431.92971875,SPEAKER_00
432.26721875000004,433.24596875000003,SPEAKER_00
433.81971875000005,435.25409375000004,SPEAKER_00
436.55346875000004,441.51471875000004,SPEAKER_00
441.81846875,442.37534375,SPEAKER_01
442.42596875000004,443.96159375,SPEAKER_00
444.46784375000004,445.95284375000006,SPEAKER_00
446.12159375000005,447.15096875,SPEAKER_00
447.60659375,448.41659375,SPEAKER_00
448.92284375,456.26346875,SPEAKER_00
457.14096875,459.46971875,SPEAKER_00
460.09409375,460.71846875000006,SPEAKER_00
462.18659375000004,463.50284375,SPEAKER_00
464.44784375,468.70034375000006,SPEAKER_00
469.69596875,471.63659375000003,SPEAKER_00
472.96971875,477.18846875,SPEAKER_00
478.48784375,485.00159375000004,SPEAKER_00
485.91284375000004,486.48659375000005,SPEAKER_00
487.90409375,488.51159375000003,SPEAKER_00
489.86159375000005,490.30034375,SPEAKER_00
491.44784375,492.37596875,SPEAKER_00
493.64159375,495.09284375000004,SPEAKER_00
496.05471875,502.75409375000004,SPEAKER_00
504.39096875,504.91409375,SPEAKER_00
506.55096875000004,512.6765937499999,SPEAKER_00
515.39346875,515.91659375,SPEAKER_00
516.96284375,517.63784375,SPEAKER_00
517.75596875,520.4053437499999,SPEAKER_00
521.43471875,523.57784375,SPEAKER_00
524.0165937500001,524.38784375,SPEAKER_01
524.55659375,524.94471875,SPEAKER_00
526.24409375,526.7165937500001,SPEAKER_00
527.91471875,528.5390937500001,SPEAKER_01
528.5390937500001,528.58971875,SPEAKER_00
528.58971875,528.7078437499999,SPEAKER_01
528.7078437499999,528.72471875,SPEAKER_00
529.60221875,530.3953437499999,SPEAKER_01
530.74971875,539.03534375,SPEAKER_01
539.32221875,541.3640937499999,SPEAKER_01
542.49471875,544.7222187500001,SPEAKER_01
545.22846875,548.16471875,SPEAKER_01
547.43909375,548.45159375,SPEAKER_00
548.55284375,552.8728437500001,SPEAKER_01
552.9909687500001,562.4240937500001,SPEAKER_01
555.06659375,555.31971875,SPEAKER_00
563.4028437500001,571.6884687500001,SPEAKER_00
570.77721875,571.1653437500001,SPEAKER_01
571.6884687500001,571.80659375,SPEAKER_01
572.5322187500001,573.5615937499999,SPEAKER_00
574.0847187500001,574.9622187500001,SPEAKER_00
577.08846875,584.15909375,SPEAKER_00
584.2097187500001,587.1628437500001,SPEAKER_00
586.70721875,593.2378437500001,SPEAKER_01
587.95596875,588.4284687500001,SPEAKER_00
588.78284375,589.74471875,SPEAKER_00
593.96346875,594.28409375,SPEAKER_00
594.7397187500001,598.36784375,SPEAKER_00
598.5534687500001,604.0209687500001,SPEAKER_00
599.02596875,599.86971875,SPEAKER_01
604.27409375,679.90784375,SPEAKER_01
604.3584687499999,604.67909375,SPEAKER_00
604.7465937500001,605.2865937500001,SPEAKER_00
680.46471875,700.47846875,SPEAKER_01
700.86659375,715.88534375,SPEAKER_01
716.47596875,719.85096875,SPEAKER_01
720.84659375,727.56284375,SPEAKER_01
727.71471875,750.10784375,SPEAKER_01
734.51534375,734.61659375,SPEAKER_00
734.7009687500001,734.76846875,SPEAKER_00
750.3272187500002,770.32409375,SPEAKER_01
771.2690937500001,779.9597187500001,SPEAKER_01
780.29721875,787.78971875,SPEAKER_01
788.21159375,794.2865937500001,SPEAKER_01
794.77596875,812.66346875,SPEAKER_01
813.54096875,819.71721875,SPEAKER_01
820.2234687500002,842.6672187500001,SPEAKER_01
843.46034375,856.97721875,SPEAKER_01
857.12909375,857.66909375,SPEAKER_01
858.05721875,863.2547187500002,SPEAKER_01
863.5247187500001,881.0915937500001,SPEAKER_01
881.96909375,895.5365937500001,SPEAKER_01
895.8403437500001,907.2140937500001,SPEAKER_01
907.58534375,910.4878437500001,SPEAKER_01
911.1797187500001,911.53409375,SPEAKER_01
912.1584687500001,922.4353437500001,SPEAKER_01
923.2790937500001,934.70346875,SPEAKER_01
934.7878437500001,940.8797187500002,SPEAKER_01
941.2509687500001,942.44909375,SPEAKER_01
942.8540937500002,945.9422187500002,SPEAKER_01
947.54534375,949.7053437500001,SPEAKER_01
950.4140937500001,950.8359687500001,SPEAKER_01
950.9709687500001,952.6415937500001,SPEAKER_01
953.3503437500001,968.6728437500001,SPEAKER_01
956.0672187500002,956.38784375,SPEAKER_00
966.07409375,966.10784375,SPEAKER_00
970.03971875,977.0259687500002,SPEAKER_00
973.70159375,974.1572187500001,SPEAKER_01
977.22846875,985.07534375,SPEAKER_00
985.21034375,985.75034375,SPEAKER_00
986.07096875,989.2097187500001,SPEAKER_00
988.7878437500001,989.3615937500001,SPEAKER_01
989.5303437500002,989.6822187500002,SPEAKER_00
989.96909375,995.5715937500001,SPEAKER_00
996.04409375,996.61784375,SPEAKER_01
997.00596875,998.2040937500001,SPEAKER_00
998.6428437500001,1003.8572187500001,SPEAKER_00
999.3515937500001,999.7903437500001,SPEAKER_01
1004.2790937500001,1004.8022187500001,SPEAKER_01
1004.31284375,1009.5103437500002,SPEAKER_00
1009.9153437500001,1012.2609687500001,SPEAKER_00
1012.8853437500002,1013.5434687500001,SPEAKER_00
1014.2353437500001,1022.06534375,SPEAKER_00
1022.23409375,1022.7234687500002,SPEAKER_01
1022.77409375,1025.47409375,SPEAKER_00
1025.9803437500002,1030.36784375,SPEAKER_00
1030.36784375,1030.80659375,SPEAKER_01
1031.2790937500001,1033.0172187500002,SPEAKER_00
1033.2872187500002,1034.1478437500002,SPEAKER_00
1034.8059687500001,1038.14721875,SPEAKER_00
1038.4509687500001,1040.64471875,SPEAKER_00
1041.4040937500001,1041.79221875,SPEAKER_00
1042.5684687500002,1059.4097187500001,SPEAKER_01
1060.4222187500002,1070.07471875,SPEAKER_01
1070.3953437500002,1077.22971875,SPEAKER_01
1077.8709687500002,1092.6534687500002,SPEAKER_01
1092.9065937500002,1099.03221875,SPEAKER_01
1099.30221875,1103.0147187500002,SPEAKER_01
1103.8415937500001,1105.5290937500001,SPEAKER_01
1106.6765937500002,1107.03096875,SPEAKER_01
1108.02659375,1125.05346875,SPEAKER_01
1126.45409375,1129.08659375,SPEAKER_01
1129.52534375,1144.4090937500002,SPEAKER_01
1144.9659687500002,1147.66596875,SPEAKER_01
1148.25659375,1149.3197187500002,SPEAKER_01
1148.96534375,1149.52221875,SPEAKER_00
1151.86784375,1155.42846875,SPEAKER_00
1155.7997187500002,1164.6084687500002,SPEAKER_00
1158.6853437500001,1158.7022187500002,SPEAKER_01
1164.9290937500002,1171.15596875,SPEAKER_00
1164.97971875,1165.3172187500002,SPEAKER_01
1171.8140937500002,1172.3878437500002,SPEAKER_00
1173.26534375,1177.2478437500001,SPEAKER_00
1177.3997187500001,1177.9903437500002,SPEAKER_00
1178.73284375,1179.18846875,SPEAKER_01
1179.18846875,1179.2390937500002,SPEAKER_00
1179.2390937500002,1179.62721875,SPEAKER_01
1179.2728437500002,1179.6609687500002,SPEAKER_00
1179.6609687500002,1179.6778437500002,SPEAKER_01
1181.02784375,1181.9559687500002,SPEAKER_01
1181.6184687500001,1181.97284375,SPEAKER_00
1181.97284375,1182.0909687500002,SPEAKER_01
1182.4622187500001,1185.7190937500002,SPEAKER_01
1186.8497187500002,1192.28346875,SPEAKER_00
1192.94159375,1199.59034375,SPEAKER_00
1200.13034375,1201.0247187500001,SPEAKER_01
1201.1765937500002,1201.68284375,SPEAKER_01
1201.68284375,1202.77971875,SPEAKER_00
1201.7165937500001,1202.1890937500002,SPEAKER_01
1203.5390937500001,1209.54659375,SPEAKER_01
1209.96846875,1218.01784375,SPEAKER_01
1219.53659375,1220.7515937500002,SPEAKER_00
1221.6965937500001,1229.5772187500002,SPEAKER_00
1230.1509687500002,1230.7078437500002,SPEAKER_00
1231.1297187500002,1231.61909375,SPEAKER_00
1232.0240937500002,1234.2515937500002,SPEAKER_00
1234.47096875,1235.31471875,SPEAKER_00
1235.56784375,1237.6434687500002,SPEAKER_00
1237.7109687500001,1238.21721875,SPEAKER_01
1238.3522187500002,1238.7572187500002,SPEAKER_00
1239.1284687500001,1244.0728437500002,SPEAKER_00
1244.30909375,1244.4778437500001,SPEAKER_01
1244.4778437500001,1246.3340937500002,SPEAKER_00
1246.7222187500001,1247.2115937500002,SPEAKER_01
1248.22409375,1253.8940937500001,SPEAKER_00
1254.5015937500002,1258.92284375,SPEAKER_00
1258.9565937500001,1259.7159687500002,SPEAKER_00
1259.1084687500002,1259.63159375,SPEAKER_01
1260.45846875,1272.11909375,SPEAKER_00
1272.7603437500002,1280.69159375,SPEAKER_00
1281.7884687500002,1282.1597187500001,SPEAKER_01
1282.14284375,1282.69971875,SPEAKER_00
1283.0034687500001,1289.2472187500002,SPEAKER_00
1289.5340937500002,1289.55096875,SPEAKER_00
1289.55096875,1289.9053437500002,SPEAKER_01
1289.9053437500002,1295.9634687500002,SPEAKER_00
1296.4022187500002,1297.88721875,SPEAKER_00
1298.6128437500001,1301.49846875,SPEAKER_00
1301.8528437500001,1303.0172187500002,SPEAKER_00
1303.1353437500002,1307.72534375,SPEAKER_00
1307.97846875,1312.65284375,SPEAKER_00
1313.1590937500002,1314.59346875,SPEAKER_00
1314.8465937500002,1318.94721875,SPEAKER_00
1319.80784375,1320.09471875,SPEAKER_01
1320.66846875,1321.1747187500002,SPEAKER_01
1321.1747187500002,1327.28346875,SPEAKER_00
1327.4690937500002,1332.31221875,SPEAKER_00
1327.5872187500001,1327.95846875,SPEAKER_01
1328.7347187500002,1329.2747187500001,SPEAKER_01
1332.7847187500001,1332.90284375,SPEAKER_00
1333.1222187500002,1356.2747187500001,SPEAKER_01
1356.93284375,1366.92284375,SPEAKER_01
1367.20971875,1371.39471875,SPEAKER_01
1368.03659375,1368.2728437500002,SPEAKER_00
1371.6478437500002,1389.9403437500002,SPEAKER_01
1390.39596875,1391.7797187500003,SPEAKER_01
1392.8259687500001,1398.2259687500002,SPEAKER_01
1398.8840937500001,1408.0303437500002,SPEAKER_01
1408.0303437500002,1408.1822187500002,SPEAKER_00
1408.1822187500002,1409.3128437500002,SPEAKER_01
1409.8528437500001,1436.80221875,SPEAKER_01
1437.20721875,1448.91846875,SPEAKER_01
1449.6778437500002,1453.2215937500002,SPEAKER_01
1453.94721875,1489.24971875,SPEAKER_01
1489.67159375,1495.0040937500003,SPEAKER_01
1495.2065937500001,1497.72096875,SPEAKER_01
1498.0415937500002,1510.7147187500002,SPEAKER_01
1511.4065937500002,1513.17846875,SPEAKER_01
1513.71846875,1516.7390937500002,SPEAKER_01
1517.4140937500001,1525.7334687500002,SPEAKER_01
1526.52659375,1532.5003437500002,SPEAKER_01
1532.6522187500002,1540.43159375,SPEAKER_01
1540.8028437500002,1546.23659375,SPEAKER_01
1546.7090937500002,1547.8565937500002,SPEAKER_01
1548.48096875,1549.1053437500002,SPEAKER_01
1549.57784375,1551.7378437500001,SPEAKER_01
1552.1934687500002,1570.9415937500003,SPEAKER_01
1571.66721875,1572.91596875,SPEAKER_01
1573.1184687500001,1575.48096875,SPEAKER_01
1576.3415937500001,1589.4197187500001,SPEAKER_01
1589.9934687500001,1601.5359687500002,SPEAKER_01
1602.05909375,1604.87721875,SPEAKER_01
1606.4297187500001,1612.3359687500001,SPEAKER_00
1611.03659375,1611.6609687500002,SPEAKER_01
1612.5047187500002,1615.4915937500002,SPEAKER_00
1615.8628437500001,1616.6390937500003,SPEAKER_01
1616.09909375,1616.5884687500002,SPEAKER_00
1617.5503437500001,1620.1490937500002,SPEAKER_00
1619.22096875,1621.0603437500001,SPEAKER_01
1620.6384687500001,1620.9759687500002,SPEAKER_00
1621.0603437500001,1621.1109687500002,SPEAKER_00
1621.1109687500002,1621.1447187500003,SPEAKER_01
1621.1447187500003,1621.16159375,SPEAKER_00
1621.16159375,1621.17846875,SPEAKER_01
1621.5328437500002,1625.3128437500002,SPEAKER_00
1624.9922187500001,1625.4309687500001,SPEAKER_01
1625.4309687500001,1631.0840937500002,SPEAKER_00
1631.3878437500002,1636.1128437500001,SPEAKER_00
1636.3153437500002,1637.4122187500002,SPEAKER_00
1637.5809687500002,1638.6440937500001,SPEAKER_00
1639.18409375,1644.65159375,SPEAKER_00
1644.78659375,1645.4447187500002,SPEAKER_00
1646.06909375,1656.04221875,SPEAKER_00
1656.4472187500003,1658.6072187500001,SPEAKER_00
1658.70846875,1659.85596875,SPEAKER_00
1659.3159687500001,1661.94846875,SPEAKER_01
1662.64034375,1676.44409375,SPEAKER_01
1677.00096875,1693.3528437500001,SPEAKER_01
1693.03221875,1693.6565937500002,SPEAKER_00
1694.2472187500002,1695.41159375,SPEAKER_00
1694.2640937500003,1694.8040937500002,SPEAKER_01
1695.4622187500001,1700.8284687500002,SPEAKER_00
1698.8203437500001,1699.09034375,SPEAKER_01
1701.1153437500002,1705.70534375,SPEAKER_01
1706.3465937500002,1714.0753437500002,SPEAKER_01
1714.95284375,1716.5390937500001,SPEAKER_01
1717.09596875,1717.77096875,SPEAKER_01
1718.8847187500003,1725.4490937500002,SPEAKER_01
1726.1072187500001,1744.5684687500002,SPEAKER_01
1745.4459687500002,1752.3984687500001,SPEAKER_01
1752.7190937500002,1757.3765937500002,SPEAKER_01
1758.2034687500002,1764.8353437500002,SPEAKER_01
1765.32471875,1766.2359687500002,SPEAKER_01
1766.4047187500003,1769.0203437500002,SPEAKER_01
1769.2734687500001,1799.0072187500002,SPEAKER_01
1799.7328437500003,1800.3065937500003,SPEAKER_01
1801.2515937500002,1804.6097187500002,SPEAKER_01
1805.3015937500002,1816.7259687500002,SPEAKER_01
1811.6128437500001,1811.6297187500002,SPEAKER_00
1816.91159375,1819.9322187500002,SPEAKER_01
1820.5059687500002,1841.0765937500003,SPEAKER_01
1841.5997187500002,1842.3590937500003,SPEAKER_01
1842.64596875,1845.5147187500002,SPEAKER_01
1845.76784375,1851.0328437500002,SPEAKER_01
1851.25221875,1853.05784375,SPEAKER_01
1853.2772187500002,1856.1290937500003,SPEAKER_01
1857.85034375,1863.0309687500003,SPEAKER_00
1861.9847187500002,1862.3222187500003,SPEAKER_01
1863.1322187500002,1863.8240937500002,SPEAKER_00
1864.16159375,1867.1990937500002,SPEAKER_00
1864.44846875,1864.8197187500002,SPEAKER_01
1867.5028437500002,1872.5653437500002,SPEAKER_00
1872.8690937500003,1875.85596875,SPEAKER_00
1873.5609687500003,1873.9828437500003,SPEAKER_01
1876.2103437500002,1883.5340937500002,SPEAKER_00
1884.0234687500001,1890.9422187500002,SPEAKER_00
1891.6509687500002,1894.97534375,SPEAKER_00
1895.8528437500001,1897.7090937500002,SPEAKER_00
1898.06346875,1900.74659375,SPEAKER_00
1901.1347187500003,1902.1640937500001,SPEAKER_01
1901.7590937500001,1902.70409375,SPEAKER_00
1903.8009687500003,1921.3340937500002,SPEAKER_01
1908.9647187500002,1909.1503437500003,SPEAKER_00
1921.8909687500002,1953.0928437500002,SPEAKER_01
1953.2109687500001,1967.9259687500003,SPEAKER_01
1968.09471875,1984.3790937500003,SPEAKER_01
1984.9528437500003,1991.4834687500002,SPEAKER_01
1992.29346875,1993.8122187500003,SPEAKER_01
1994.2340937500003,1998.2334687500002,SPEAKER_01
1999.3809687500002,2008.2065937500001,SPEAKER_01
2009.1347187500003,2042.7497187500003,SPEAKER_01
2043.2390937500002,2044.3022187500003,SPEAKER_01
2044.7240937500003,2046.42846875,SPEAKER_01
2046.8165937500003,2047.27221875,SPEAKER_01
2047.69409375,2049.34784375,SPEAKER_01
2049.5840937499997,2052.73971875,SPEAKER_01
2054.47784375,2059.6415937500005,SPEAKER_00
2058.64596875,2059.1015937500006,SPEAKER_01
2059.9453437500006,2061.41346875,SPEAKER_00
2061.70034375,2067.2184687500003,SPEAKER_00
2067.60659375,2069.7497187500003,SPEAKER_00
2069.8172187500004,2072.0447187500004,SPEAKER_00
2072.5340937500005,2077.61346875,SPEAKER_00
2077.9003437500005,2085.71346875,SPEAKER_00
2086.47284375,2091.2653437500003,SPEAKER_00
2091.3497187500006,2093.10471875,SPEAKER_00
2093.77971875,2097.9140937500006,SPEAKER_00
2094.1003437500003,2094.4715937500005,SPEAKER_01
2099.0615937500006,2100.15846875,SPEAKER_00
2099.19659375,2099.6522187500004,SPEAKER_01
2101.12034375,2101.86284375,SPEAKER_01
2101.60971875,2101.72784375,SPEAKER_00
2102.62221875,2104.51221875,SPEAKER_00
2105.00159375,2112.0722187500005,SPEAKER_00
2108.5622187500003,2109.01784375,SPEAKER_01
2112.1228437500004,2119.6659687500005,SPEAKER_00
2119.7334687500006,2123.59784375,SPEAKER_00
2124.39096875,2134.0772187500006,SPEAKER_01
2134.87034375,2142.8522187500002,SPEAKER_01
2143.32471875,2150.0240937500002,SPEAKER_01
2150.4122187500006,2151.15471875,SPEAKER_01
2151.81284375,2152.40346875,SPEAKER_01
2152.84221875,2166.5447187500004,SPEAKER_01
2166.71346875,2168.63721875,SPEAKER_01
2169.05909375,2170.4597187500003,SPEAKER_01
2170.51034375,2182.5084687500002,SPEAKER_01
2183.33534375,2184.6853437500004,SPEAKER_01
2184.97221875,2194.3378437500005,SPEAKER_01
2194.42221875,2198.87721875,SPEAKER_01
2199.07971875,2208.59721875,SPEAKER_01
2209.4747187500006,2215.76909375,SPEAKER_01
2213.40659375,2213.82846875,SPEAKER_00
2217.01784375,2220.4940937500005,SPEAKER_00
2220.7809687500003,2223.12659375,SPEAKER_00
2224.3415937500004,2224.98284375,SPEAKER_00
2225.6240937500006,2229.15096875,SPEAKER_00
2230.02846875,2230.6190937500005,SPEAKER_00
2231.7497187500003,2233.1334687500002,SPEAKER_00
2233.42034375,2238.2634687500004,SPEAKER_00
2238.78659375,2241.2840937500005,SPEAKER_00
2241.2840937500005,2241.8747187500003,SPEAKER_01
2241.4697187500005,2242.3809687500006,SPEAKER_00
2242.51596875,2248.84409375,SPEAKER_00
2249.3503437500003,2250.54846875,SPEAKER_00
2251.02096875,2256.3365937500002,SPEAKER_00
2257.0790937500005,2257.6865937500006,SPEAKER_00
2258.0240937500002,2264.52096875,SPEAKER_00
2263.67721875,2264.0147187500006,SPEAKER_01
2265.24659375,2268.9590937500006,SPEAKER_01
2270.17409375,2272.3678437500002,SPEAKER_00
2272.65471875,2274.6122187500005,SPEAKER_00
2275.05096875,2275.42221875,SPEAKER_01
2275.97909375,2278.2740937500002,SPEAKER_01
2279.23596875,2283.37034375,SPEAKER_00
2283.6403437500003,2283.97784375,SPEAKER_01
2283.97784375,2284.41659375,SPEAKER_00
2285.0240937500002,2287.7409687500003,SPEAKER_01
2288.97284375,2289.36096875,SPEAKER_00
2290.0528437500006,2290.9978437500004,SPEAKER_01
2290.49159375,2291.40284375,SPEAKER_00
2292.24659375,2292.65159375,SPEAKER_00
2293.02284375,2293.6640937500006,SPEAKER_01
2294.54159375,2304.48096875,SPEAKER_00
2305.8309687500005,2355.7303437500004,SPEAKER_01
2356.42221875,2360.0840937500006,SPEAKER_01
2360.64096875,2367.2897187500002,SPEAKER_01
2368.1503437500005,2374.79909375,SPEAKER_01
2375.59221875,2380.82346875,SPEAKER_01
2381.68409375,2441.9109687500004,SPEAKER_01
2442.0459687500006,2453.4872187500005,SPEAKER_01
2454.22971875,2456.7440937500005,SPEAKER_01
2456.82846875,2457.92534375,SPEAKER_01
2458.68471875,2458.8365937500002,SPEAKER_00
2458.8365937500002,2459.52846875,SPEAKER_01
2459.8828437500006,2465.7722187500003,SPEAKER_01
2465.8397187500004,2538.97596875,SPEAKER_01
2522.70846875,2522.9615937500002,SPEAKER_00
2539.11096875,2557.4372187500003,SPEAKER_01
2558.02784375,2570.7684687500005,SPEAKER_01
2571.4772187500002,2577.29909375,SPEAKER_01
2578.14284375,2583.20534375,SPEAKER_01
2583.74534375,2598.32534375,SPEAKER_01
2599.5740937500004,2606.1384687500004,SPEAKER_00
2606.54346875,2607.38721875,SPEAKER_00
2607.8428437500006,2612.63534375,SPEAKER_00
2612.93909375,2614.74471875,SPEAKER_00
2615.09909375,2618.40659375,SPEAKER_00
2618.64284375,2622.67596875,SPEAKER_00
2622.9628437500005,2627.8565937500007,SPEAKER_00
2628.53159375,2631.3328437500004,SPEAKER_00
2631.5859687500006,2632.0078437500006,SPEAKER_01
2632.0078437500006,2641.72784375,SPEAKER_00
2642.4872187500005,2668.5928437500006,SPEAKER_01
2642.58846875,2642.7234687500004,SPEAKER_00
2669.1328437500006,2697.17909375,SPEAKER_01
2697.66846875,2712.7040937500005,SPEAKER_01
2713.32846875,2714.2734687500006,SPEAKER_01
2715.0497187500005,2727.1490937500002,SPEAKER_01
2727.90846875,2729.42721875,SPEAKER_01
2730.0009687500005,2733.1228437500004,SPEAKER_01
2734.84409375,2739.11346875,SPEAKER_00
2738.23596875,2738.7422187500006,SPEAKER_01
2739.5690937500003,2743.5515937500004,SPEAKER_00
2739.6365937500004,2740.09221875,SPEAKER_01
2743.9059687500003,2744.3447187500005,SPEAKER_01
2743.9228437500005,2746.35284375,SPEAKER_00
2746.5215937500006,2746.84221875,SPEAKER_00
2746.5722187500005,2748.34409375,SPEAKER_01
2748.1415937500005,2751.5165937500005,SPEAKER_00
2751.8709687500004,2784.99659375,SPEAKER_01
2752.37721875,2752.7653437500003,SPEAKER_00
2785.53659375,2801.8209687500002,SPEAKER_01
2793.3497187500006,2794.39596875,SPEAKER_00
2802.34409375,2803.6434687500005,SPEAKER_01
2804.14971875,2814.7809687500003,SPEAKER_01
2815.5740937500004,2823.1003437500003,SPEAKER_01
2823.4209687500006,2830.13721875,SPEAKER_01
2830.74471875,2832.85409375,SPEAKER_01
2833.5459687500006,2853.88034375,SPEAKER_01
2853.9647187500004,2857.6940937500003,SPEAKER_01
2858.09909375,2860.3097187500007,SPEAKER_01
2860.61346875,2861.7947187500004,SPEAKER_01
2862.4528437500003,2863.3134687500005,SPEAKER_01
2863.76909375,2870.0634687500005,SPEAKER_01
2870.9072187500005,2903.94846875,SPEAKER_01
2904.4715937500005,2915.0184687500005,SPEAKER_01
2915.65971875,2926.2403437500006,SPEAKER_01
2926.8984687500006,2937.2597187500005,SPEAKER_01
2938.5253437500005,2954.6240937500006,SPEAKER_00
2941.0059687500006,2941.4615937500002,SPEAKER_01
2954.9784687500005,2956.46346875,SPEAKER_00
2957.2734687500006,2999.91659375,SPEAKER_01
2999.9334687500004,3004.72596875,SPEAKER_01
3005.21534375,3054.7265937500006,SPEAKER_01
3054.9122187500006,3060.4472187500005,SPEAKER_01
3060.59909375,3062.10096875,SPEAKER_01
3062.52284375,3073.7615937500004,SPEAKER_01
3074.45346875,3075.3309687500005,SPEAKER_01
3075.76971875,3077.1365937500004,SPEAKER_01
3078.18284375,3080.1065937500007,SPEAKER_01
3080.91659375,3095.59784375,SPEAKER_01
3096.0534687500003,3096.6609687500004,SPEAKER_01
3097.11659375,3101.0147187500006,SPEAKER_01
3101.70659375,3102.5672187500004,SPEAKER_01
3103.3434687500003,3108.8447187500005,SPEAKER_01
3109.28346875,3110.2959687500006,SPEAKER_01
3111.15659375,3138.83159375,SPEAKER_01
3138.8484687500004,3144.97409375,SPEAKER_01
3146.54346875,3153.1247187500003,SPEAKER_00
3153.52971875,3158.0184687500005,SPEAKER_00
3158.4909687500003,3159.68909375,SPEAKER_00
3160.46534375,3169.00409375,SPEAKER_00
3163.35096875,3163.8065937500005,SPEAKER_01
3169.4597187500003,3171.4678437500006,SPEAKER_00
3171.8053437500002,3177.2559687500006,SPEAKER_00
3177.6609687500004,3178.0828437500004,SPEAKER_01
3178.0828437500004,3178.6903437500005,SPEAKER_00
3178.96034375,3188.47784375,SPEAKER_00
3189.0009687500005,3189.32159375,SPEAKER_01
3189.1865937500006,3189.86159375,SPEAKER_00
3189.9628437500005,3196.51034375,SPEAKER_00
3191.54909375,3191.86971875,SPEAKER_01
3196.74659375,3200.52659375,SPEAKER_00
3200.6278437500005,3200.9990937500006,SPEAKER_01
3200.7459687500004,3202.5009687500005,SPEAKER_00
3203.05784375,3203.66534375,SPEAKER_00
3204.1715937500003,3212.0184687500005,SPEAKER_00
3212.6765937500004,3213.5709687500002,SPEAKER_00
3213.92534375,3216.5240937500002,SPEAKER_00
3217.3172187500004,3217.7897187500002,SPEAKER_00
3218.7684687500005,3219.17346875,SPEAKER_01
3219.17346875,3224.47221875,SPEAKER_00
3224.6072187500004,3226.4972187500007,SPEAKER_00
3226.68284375,3231.6103437500005,SPEAKER_01
3231.8465937500005,3233.31471875,SPEAKER_01
3234.8165937500007,3237.55034375,SPEAKER_01
3237.78659375,3240.80721875,SPEAKER_01
3240.85784375,3265.02284375,SPEAKER_01
3265.7315937500007,3271.6715937500003,SPEAKER_01
3272.0597187500007,3274.30409375,SPEAKER_01
3274.72596875,3283.6190937500005,SPEAKER_01
3284.3447187500005,3286.4540937500005,SPEAKER_01
3287.0447187500004,3308.8134687500005,SPEAKER_01
3309.1678437500004,3314.63534375,SPEAKER_01
3314.9053437500006,3315.4453437500006,SPEAKER_01
3315.8672187500006,3319.2422187500006,SPEAKER_01
3321.06471875,3336.01596875,SPEAKER_00
3336.31971875,3337.23096875,SPEAKER_00
3336.3534687500005,3336.55596875,SPEAKER_01
3338.0915937500004,3340.18409375,SPEAKER_00
3340.5553437500002,3343.8797187500004,SPEAKER_00
3344.40284375,3346.1072187500004,SPEAKER_00
3346.4784687500005,3350.35971875,SPEAKER_00
3350.71409375,3355.23659375,SPEAKER_00
3355.4559687500005,3357.34596875,SPEAKER_00
3357.7340937500003,3358.2234687500004,SPEAKER_00
3358.62846875,3360.4509687500004,SPEAKER_00
3361.15971875,3363.8428437500006,SPEAKER_00
3363.8428437500006,3364.28159375,SPEAKER_01
3364.28159375,3366.5428437500004,SPEAKER_00
3366.94784375,3367.4372187500003,SPEAKER_01
3367.04909375,3367.1334687500002,SPEAKER_00
3367.5722187500005,3379.7559687500006,SPEAKER_00
3379.41846875,3417.50534375,SPEAKER_01
3417.50534375,3418.9734687500004,SPEAKER_00
3418.9734687500004,3420.1378437500007,SPEAKER_01
3420.7284687500005,3427.69784375,SPEAKER_01
3426.22971875,3426.6853437500004,SPEAKER_00
3426.95534375,3427.5290937500004,SPEAKER_00
3428.05221875,3434.02596875,SPEAKER_01
3435.8484687500004,3437.8565937500007,SPEAKER_00
3438.5147187500006,3442.4803437500004,SPEAKER_00
3442.9697187500005,3449.98971875,SPEAKER_00
3450.52971875,3453.8878437500007,SPEAKER_00
3454.1915937500007,3454.5965937500005,SPEAKER_01
3454.20846875,3455.59221875,SPEAKER_00
3455.96346875,3457.7353437500005,SPEAKER_00
3458.2584687500002,3462.52784375,SPEAKER_00
3463.2028437500003,3463.23659375,SPEAKER_01
3463.25346875,3465.1603437500007,SPEAKER_00
3465.8015937500004,3469.4803437500004,SPEAKER_00
3470.83034375,3471.87659375,SPEAKER_00
3472.65284375,3473.19284375,SPEAKER_01
3474.0197187500007,3474.7959687500006,SPEAKER_00
3475.2178437500006,3478.25534375,SPEAKER_00
3478.42409375,3480.0947187500005,SPEAKER_00
3480.71909375,3484.53284375,SPEAKER_00
3484.53284375,3485.0897187500004,SPEAKER_01
3485.0897187500004,3485.61284375,SPEAKER_00
3486.2540937500007,3488.7853437500007,SPEAKER_00
3489.2409687500003,3492.54846875,SPEAKER_00
3491.6709687500006,3492.1940937500003,SPEAKER_01
3492.95346875,3495.78846875,SPEAKER_00
3496.51409375,3499.9228437500005,SPEAKER_00
3500.6990937500004,3505.96409375,SPEAKER_00
3506.2509687500005,3507.29721875,SPEAKER_00
3506.26784375,3506.70659375,SPEAKER_01
3507.71909375,3509.5078437500006,SPEAKER_00
3510.2334687500006,3510.5709687500002,SPEAKER_01
3510.3347187500003,3511.2628437500007,SPEAKER_00
3512.4440937500003,3513.22034375,SPEAKER_00
3513.8278437500003,3514.3172187500004,SPEAKER_00
3514.7559687500006,3522.2147187500004,SPEAKER_00
3522.7040937500005,3526.4334687500004,SPEAKER_00
3527.1590937500005,3530.0615937500006,SPEAKER_00
3530.51721875,3532.2215937500005,SPEAKER_00
3532.6603437500007,3540.81096875,SPEAKER_00
3535.49534375,3536.00159375,SPEAKER_01
3540.9459687500002,3544.1015937500006,SPEAKER_00
3541.28346875,3541.46909375,SPEAKER_01
3544.77659375,3545.4178437500004,SPEAKER_00
3545.9747187500006,3546.9365937500006,SPEAKER_00
3547.2909687500005,3548.0165937500005,SPEAKER_00
3548.3034687500003,3551.6953437500006,SPEAKER_00
3551.7965937500003,3551.8134687500005,SPEAKER_00
3551.8134687500005,3552.1847187500007,SPEAKER_01
3551.8640937500004,3554.6484687500006,SPEAKER_00
3555.4415937500007,3559.2215937500005,SPEAKER_00
3560.0653437500005,3564.8747187500003,SPEAKER_00
3565.6678437500004,3566.71409375,SPEAKER_00
3567.03471875,3569.75159375,SPEAKER_00
3569.9540937500005,3575.82659375,SPEAKER_00
3576.1472187500003,3585.1415937500005,SPEAKER_01
3585.3947187500007,3596.26221875,SPEAKER_01
3596.80221875,3601.61159375,SPEAKER_01
3602.2528437500005,3608.1759687500007,SPEAKER_01
3608.56409375,3610.36971875,SPEAKER_01
3610.6903437500005,3613.54221875,SPEAKER_01
3614.1159687500003,3638.6690937500007,SPEAKER_01
3638.7872187500006,3640.9472187500005,SPEAKER_01
3641.6559687500003,3658.0078437500006,SPEAKER_01
3658.46346875,3659.0878437500005,SPEAKER_01
3659.47596875,3664.36971875,SPEAKER_01
3665.02784375,3683.87721875,SPEAKER_01
3684.5859687500006,3685.26096875,SPEAKER_01
3686.0709687500002,3690.1209687500004,SPEAKER_01
3690.99846875,3697.5290937500004,SPEAKER_01
3697.69784375,3698.4572187500007,SPEAKER_01
3699.0478437500005,3738.9909687500003,SPEAKER_01
3739.0584687500004,3742.53471875,SPEAKER_01
3742.72034375,3743.4797187500008,SPEAKER_01
3743.9015937500008,3749.99346875,SPEAKER_01
3750.3815937500003,3751.81596875,SPEAKER_01
3753.5878437500005,3757.77284375,SPEAKER_00
3756.8278437500003,3757.2159687500007,SPEAKER_01
3758.14409375,3758.5828437500004,SPEAKER_00
3758.2790937500004,3761.1647187500002,SPEAKER_01
3761.70471875,3765.60284375,SPEAKER_01
3766.2440937500005,3766.7334687500006,SPEAKER_01
3766.46346875,3767.0709687500002,SPEAKER_00
3767.61096875,3768.15096875,SPEAKER_00
3768.7753437500005,3769.3659687500003,SPEAKER_01
3770.14221875,3770.7159687500007,SPEAKER_01
3770.19284375,3772.11659375,SPEAKER_00
3772.48784375,3773.1290937500007,SPEAKER_01
3772.77471875,3773.4834687500006,SPEAKER_00
3773.7197187500005,3782.8659687500003,SPEAKER_00
3782.17409375,3782.89971875,SPEAKER_01
3783.1865937500006,3783.7265937500006,SPEAKER_01
3783.3047187500006,3788.3503437500003,SPEAKER_00
3786.0215937500006,3786.46034375,SPEAKER_01
3788.8397187500004,3797.73284375,SPEAKER_00
3793.4128437500003,3793.5309687500003,SPEAKER_01
3797.73284375,3807.3515937500006,SPEAKER_01
3799.8759687500005,3800.1797187500006,SPEAKER_00
3808.4822187500004,3809.4440937500003,SPEAKER_01
3809.8322187500007,3815.3503437500003,SPEAKER_01
3815.6034687500005,3824.0409687500005,SPEAKER_01
3824.5303437500006,3865.95846875,SPEAKER_01
3845.82659375,3845.8434687500003,SPEAKER_00
3866.5153437500003,3872.5734687500008,SPEAKER_01
3872.7928437500004,3874.2440937500005,SPEAKER_01
3875.5097187500005,3878.4459687500002,SPEAKER_01
3878.8172187500004,3879.4247187500005,SPEAKER_01
3880.2684687500005,3884.89221875,SPEAKER_01
3885.48284375,3886.93409375,SPEAKER_01
3887.7272187500002,3905.85096875,SPEAKER_01
3906.40784375,3914.05221875,SPEAKER_01
3914.10284375,3925.6622187500006,SPEAKER_01
3926.1515937500008,3935.09534375,SPEAKER_01
3936.0740937500004,3949.54034375,SPEAKER_01
3950.1309687500006,3950.7890937500006,SPEAKER_01
3952.37534375,3965.0147187500006,SPEAKER_00
3965.21721875,3965.57159375,SPEAKER_01
3965.57159375,3970.22909375,SPEAKER_00
3969.2840937500005,3969.5878437500005,SPEAKER_01
3970.4315937500005,3970.9715937500005,SPEAKER_00
3971.3259687500004,3973.7897187500002,SPEAKER_00
3974.26221875,3975.9159687500005,SPEAKER_00
3976.1015937500006,3976.55721875,SPEAKER_01
3976.1690937500007,3977.09721875,SPEAKER_00
3977.4347187500007,3981.61971875,SPEAKER_00
3978.8690937500005,3979.4259687500007,SPEAKER_01
3981.8053437500002,3982.86846875,SPEAKER_00
3981.8728437500004,3982.32846875,SPEAKER_01
3982.9190937500007,3983.96534375,SPEAKER_00
3984.3365937500002,3987.50909375,SPEAKER_00
3987.7790937500004,3988.25159375,SPEAKER_01
3987.8634687500007,3988.72409375,SPEAKER_00
3989.8884687500004,3991.3903437500003,SPEAKER_00
3992.1834687500004,3993.24659375,SPEAKER_00
3993.5840937500006,3997.3134687500005,SPEAKER_00
3997.76909375,4002.5109687500008,SPEAKER_00
4003.13534375,4003.4559687500005,SPEAKER_00
4003.4559687500005,4004.1647187500002,SPEAKER_01
4004.26596875,4004.75534375,SPEAKER_00
4005.78471875,4012.53471875,SPEAKER_00
4012.93971875,4020.4490937500004,SPEAKER_00
4020.8034687500003,4023.85784375,SPEAKER_00
4024.39784375,4026.1865937500006,SPEAKER_00
4026.6759687500007,4038.5897187500004,SPEAKER_01
4039.0284687500007,4063.1765937500004,SPEAKER_01
4063.8009687500007,4073.6559687500003,SPEAKER_01
4074.17909375,4077.5709687500002,SPEAKER_01
4078.1953437500006,4091.2228437500007,SPEAKER_01
4091.61096875,4092.2184687500003,SPEAKER_01
4092.69096875,4117.46346875,SPEAKER_01
4118.189093749999,4137.81471875,SPEAKER_01
4138.27034375,4213.14471875,SPEAKER_01
4213.954718749999,4247.384093750001,SPEAKER_01
4247.68784375,4257.4247187500005,SPEAKER_01
4258.251593749999,4289.36909375,SPEAKER_01
4290.044093750001,4298.194718750001,SPEAKER_01
4299.84846875,4307.577218750001,SPEAKER_00
4304.74221875,4305.19784375,SPEAKER_01
4306.7840937500005,4307.08784375,SPEAKER_01
4307.948468750001,4313.92221875,SPEAKER_00
4310.901593750001,4311.323468750001,SPEAKER_01
4314.24284375,4319.609093749999,SPEAKER_00
4314.276593750001,4314.749093750001,SPEAKER_01
4320.14909375,4322.73096875,SPEAKER_00
4323.25409375,4332.11346875,SPEAKER_00
4332.450968749999,4333.69971875,SPEAKER_00
4334.340968750001,4337.44596875,SPEAKER_00
4338.374093750001,4341.68159375,SPEAKER_00
4341.968468749999,4344.685343749999,SPEAKER_00
4344.01034375,4344.48284375,SPEAKER_01
4345.107218749999,4346.08596875,SPEAKER_01
4345.56284375,4346.06909375,SPEAKER_00
4346.08596875,4346.1365937499995,SPEAKER_00
4346.946593750001,4367.669093750001,SPEAKER_01
4368.124718749999,4376.376593749999,SPEAKER_01
4377.186593750001,4378.536593750001,SPEAKER_01
4378.857218749999,4381.9959687499995,SPEAKER_01
4382.53596875,4405.857218749999,SPEAKER_01
4389.67409375,4390.028468750001,SPEAKER_00
4406.5322187500005,4410.80159375,SPEAKER_01
4411.45971875,4434.57846875,SPEAKER_01
4434.7303437499995,4441.7840937500005,SPEAKER_01
4442.40846875,4469.86409375,SPEAKER_01
4470.319718750001,4483.00971875,SPEAKER_01
4484.663468750001,4500.99846875,SPEAKER_01
4502.68596875,4511.1572187500005,SPEAKER_00
4508.17034375,4508.49096875,SPEAKER_01
4511.1572187500005,4511.528468750001,SPEAKER_01
4511.325968749999,4516.18596875,SPEAKER_00
4516.540343750001,4520.995343750001,SPEAKER_00
4520.0165937500005,4520.387843750001,SPEAKER_01
4521.315968749999,4521.5184687500005,SPEAKER_00
4521.75471875,4525.04534375,SPEAKER_00
4525.38284375,4531.4072187500005,SPEAKER_00
4527.1209687499995,4527.52596875,SPEAKER_01
4531.913468750001,4532.26784375,SPEAKER_01
4532.048468749999,4532.942843750001,SPEAKER_00
4533.263468749999,4536.317843750001,SPEAKER_00
4536.77346875,4537.17846875,SPEAKER_01
4536.790343750001,4543.067843750001,SPEAKER_00
4543.6415937500005,4545.497843749999,SPEAKER_00
4546.00409375,4546.51034375,SPEAKER_01
4546.679093750001,4548.48471875,SPEAKER_00
4549.19346875,4551.269093749999,SPEAKER_00
4550.610968749999,4550.982218749999,SPEAKER_01
4551.741593750001,4552.163468750001,SPEAKER_01
4552.36596875,4552.585343750001,SPEAKER_00
4553.091593749999,4557.29346875,SPEAKER_01
4557.9178437499995,4562.27159375,SPEAKER_01
4562.92971875,4632.85971875,SPEAKER_01
4566.642218749999,4566.89534375,SPEAKER_00
4590.30096875,4590.57096875,SPEAKER_00
4633.36596875,4638.5634687500005,SPEAKER_01
4639.356593750001,4644.35159375,SPEAKER_01
4645.00971875,4655.235968749999,SPEAKER_01
4655.8603437500005,4656.467843750001,SPEAKER_01
4656.788468750001,4667.95971875,SPEAKER_01
4669.495343750001,4672.51596875,SPEAKER_00
4672.7353437500005,4676.97096875,SPEAKER_00
4672.769093749999,4673.12346875,SPEAKER_01
4677.122843749999,4680.599093750001,SPEAKER_00
4679.8397187499995,4680.6834687499995,SPEAKER_01
4681.814093749999,4687.51784375,SPEAKER_00
4688.1590937500005,4688.17596875,SPEAKER_01
4688.17596875,4688.935343749999,SPEAKER_00
4688.26034375,4688.294093750001,SPEAKER_01
4689.644093749999,4700.477843750001,SPEAKER_00
4700.747843749999,4701.321593750001,SPEAKER_01
4700.78159375,4701.72659375,SPEAKER_00
4702.5028437500005,4709.72534375,SPEAKER_00
4706.654093749999,4707.1434687500005,SPEAKER_01
4709.995343750001,4713.77534375,SPEAKER_00
4710.16409375,4710.180968750001,SPEAKER_01
4713.11721875,4713.6572187500005,SPEAKER_01
4714.062218749999,4715.057843750001,SPEAKER_01
4714.872218750001,4714.905968749999,SPEAKER_00
4715.68221875,4716.323468750001,SPEAKER_01
4715.850968750001,4720.2215937500005,SPEAKER_00
4720.8290937500005,4723.46159375,SPEAKER_00
4723.83284375,4730.97096875,SPEAKER_00
4731.325343750001,4735.32471875,SPEAKER_00
4736.06721875,4740.75846875,SPEAKER_00
4740.8934687500005,4743.0028437500005,SPEAKER_00
4743.6103437500005,4744.50471875,SPEAKER_00
4744.84221875,4745.280968749999,SPEAKER_01
4744.909718750001,4745.68596875,SPEAKER_00
4746.1415937500005,4746.4959687499995,SPEAKER_01
4746.884093750001,4747.3397187499995,SPEAKER_01
4747.677218750001,4749.314093749999,SPEAKER_01
4749.9384687500005,4752.638468749999,SPEAKER_01
4753.634093750001,4806.80721875,SPEAKER_01
4786.55721875,4786.911593750001,SPEAKER_00
4807.41471875,4812.07221875,SPEAKER_01
4812.44346875,4815.24471875,SPEAKER_01
4815.835343750001,4817.4384687500005,SPEAKER_01
4818.450968749999,4836.20346875,SPEAKER_01
4836.33846875,4838.329718749999,SPEAKER_01
4838.59971875,4849.36596875,SPEAKER_01
4849.78784375,4850.2772187499995,SPEAKER_01
4851.15471875,4853.92221875,SPEAKER_01
4854.462218750001,4859.27159375,SPEAKER_01
4860.19971875,4916.612843750001,SPEAKER_01
4917.0009687500005,4925.35409375,SPEAKER_01
4925.92784375,4938.4490937499995,SPEAKER_01
4939.32659375,5002.92846875,SPEAKER_01
5004.042218750001,5017.356593750001,SPEAKER_01
5017.964093750001,5025.67596875,SPEAKER_01
5025.86159375,5026.31721875,SPEAKER_00
5026.114718750001,5031.16034375,SPEAKER_01
5031.362843750001,5061.61971875,SPEAKER_01
5062.41284375,5092.83846875,SPEAKER_01
5093.36159375,5095.3865937499995,SPEAKER_01
5095.84221875,5100.077843749999,SPEAKER_01
5100.53346875,5101.208468750001,SPEAKER_01
5101.815968750001,5112.885968750001,SPEAKER_01
5113.27409375,5122.639718750001,SPEAKER_01
5123.39909375,5136.15659375,SPEAKER_01
5138.468468749999,5147.20971875,SPEAKER_00
5146.80471875,5149.116593750001,SPEAKER_01
5148.458468750001,5149.774718750001,SPEAKER_00
5150.39909375,5154.19596875,SPEAKER_00
5154.39846875,5157.0478437500005,SPEAKER_00
5157.52034375,5161.97534375,SPEAKER_00
5162.565968750001,5168.995343750001,SPEAKER_00
5169.40034375,5170.581593750001,SPEAKER_00
5170.93596875,5175.72846875,SPEAKER_00
5176.47096875,5176.94346875,SPEAKER_00
5177.36534375,5177.854718750001,SPEAKER_01
5177.854718750001,5180.622218750001,SPEAKER_00
5181.0947187500005,5183.40659375,SPEAKER_00
5183.609093749999,5189.937218749999,SPEAKER_00
5190.460343750001,5195.21909375,SPEAKER_00
5195.53971875,5200.19721875,SPEAKER_01
5201.108468750001,5207.099093750001,SPEAKER_00
5207.6728437500005,5208.229718750001,SPEAKER_00
5208.972218750001,5220.514718750001,SPEAKER_00
5220.784718750001,5225.77971875,SPEAKER_00
5225.762843750001,5226.2353437500005,SPEAKER_01
5226.20159375,5230.3865937499995,SPEAKER_00
5230.55534375,5230.94346875,SPEAKER_01
5230.75784375,5232.698468750001,SPEAKER_00
5232.76596875,5233.255343750001,SPEAKER_01
5233.255343750001,5237.339093750001,SPEAKER_00
5238.267218749999,5241.86159375,SPEAKER_00
5242.215968750001,5254.585343750001,SPEAKER_01
5254.905968749999,5274.464093750001,SPEAKER_01
5275.628468750001,5283.07034375,SPEAKER_00
5282.142218749999,5282.59784375,SPEAKER_01
5283.81284375,5284.825343750001,SPEAKER_01
5285.78721875,5286.782843749999,SPEAKER_00
5287.10346875,5289.600968750001,SPEAKER_01
5290.2928437499995,5291.2040937500005,SPEAKER_01
5291.997218750001,5294.764718750001,SPEAKER_01
5295.507218750001,5298.39284375,SPEAKER_01
5299.388468749999,5310.829718749999,SPEAKER_00
5311.200968749999,5312.63534375,SPEAKER_01
5313.090968750001,5314.98096875,SPEAKER_01
5315.50409375,5328.00846875,SPEAKER_01
5328.497843749999,5330.995343750001,SPEAKER_01
5331.5184687500005,5339.483468750001,SPEAKER_01
5339.939093749999,5343.3309687500005,SPEAKER_01
5343.499718749999,5373.739718750001,SPEAKER_01
5374.583468750001,5376.99659375,SPEAKER_01
5377.18221875,5384.607218749999,SPEAKER_01
5385.079718749999,5404.38471875,SPEAKER_01
5405.059718750001,5422.7615937499995,SPEAKER_01
5423.2509687500005,5430.8447187500005,SPEAKER_01
5431.249718749999,5432.245343750001,SPEAKER_01
5432.44784375,5432.8865937499995,SPEAKER_01
5433.089093750001,5435.333468750001,SPEAKER_01
5436.042218750001,5455.077218750001,SPEAKER_01
5455.98846875,5457.96284375,SPEAKER_01
5458.14846875,5469.032843749999,SPEAKER_01
5469.5897187499995,5470.70346875,SPEAKER_01
5471.007218750001,5479.22534375,SPEAKER_01
5479.680968750001,5490.919718749999,SPEAKER_01
5491.84784375,5492.53971875,SPEAKER_01
5492.843468749999,5506.343468749999,SPEAKER_01
5506.917218750001,5510.3934687500005,SPEAKER_01
5510.764718750001,5515.74284375,SPEAKER_01
5516.36721875,5527.622843749999,SPEAKER_01
5529.090968750001,5531.335343750001,SPEAKER_00
5531.942843750001,5534.187218749999,SPEAKER_00
5534.052218750001,5534.06909375,SPEAKER_01
5534.997218750001,5535.43596875,SPEAKER_00
5535.638468749999,5540.3465937500005,SPEAKER_00
5539.33409375,5539.401593750001,SPEAKER_01
5540.59971875,5541.02159375,SPEAKER_01
5540.65034375,5541.39284375,SPEAKER_00
5542.118468750001,5544.312218749999,SPEAKER_00
5544.6834687499995,5546.759093750001,SPEAKER_00
5546.87721875,5546.894093750001,SPEAKER_00
5546.894093750001,5547.180968750001,SPEAKER_01
5546.944718750001,5549.712218750001,SPEAKER_00
5550.53909375,5550.927218750001,SPEAKER_00
5551.484093749999,5556.86721875,SPEAKER_00
5557.305968750001,5559.364718750001,SPEAKER_00
5559.80346875,5564.342843750001,SPEAKER_00
5561.5584687499995,5561.811593750001,SPEAKER_01
5564.62971875,5564.984093749999,SPEAKER_01
5564.86596875,5565.52409375,SPEAKER_00
5566.28346875,5570.232218749999,SPEAKER_00
5570.7215937500005,5575.32846875,SPEAKER_00
5575.9697187500005,5576.54346875,SPEAKER_00
5577.0497187500005,5582.010968750001,SPEAKER_00
5583.44534375,5587.815968750001,SPEAKER_00
5588.0184687500005,5592.76034375,SPEAKER_00
5592.11909375,5592.54096875,SPEAKER_01
5593.485968749999,5594.1103437500005,SPEAKER_00
5594.44784375,5596.94534375,SPEAKER_00
5597.384093750001,5600.522843750001,SPEAKER_00
5600.16846875,5600.624093750001,SPEAKER_01
5600.624093750001,5602.69971875,SPEAKER_00
5602.69971875,5602.919093750001,SPEAKER_01
5602.919093750001,5603.08784375,SPEAKER_00
5603.982218749999,5614.22534375,SPEAKER_00
5614.47846875,5617.51596875,SPEAKER_00
5618.59596875,5620.1990937499995,SPEAKER_00
5620.907843749999,5623.08471875,SPEAKER_00
5623.47284375,5626.03784375,SPEAKER_00
5626.307843750001,5627.77596875,SPEAKER_00
5628.19784375,5631.25221875,SPEAKER_00
5631.77534375,5642.575343750001,SPEAKER_01
5643.2840937500005,5646.794093750001,SPEAKER_01
5647.38471875,5647.958468750001,SPEAKER_01
5648.68409375,5664.360968749999,SPEAKER_01
5665.964093750001,5673.11909375,SPEAKER_00
5673.6590937500005,5674.23284375,SPEAKER_00
5674.70534375,5675.16096875,SPEAKER_01
5675.16096875,5677.37159375,SPEAKER_00
5677.5740937499995,5682.737843750001,SPEAKER_00
5683.04159375,5689.60596875,SPEAKER_00
5689.960343750001,5690.78721875,SPEAKER_01
5690.41596875,5690.55096875,SPEAKER_00
5691.05721875,5694.21284375,SPEAKER_01
5694.280343750001,5698.026593750001,SPEAKER_01
5699.005343750001,5700.4228437500005,SPEAKER_00
5700.89534375,5701.36784375,SPEAKER_01
5700.979718750001,5701.57034375,SPEAKER_00
5701.94159375,5712.28596875,SPEAKER_01
5712.28596875,5712.33659375,SPEAKER_00
5712.33659375,5714.091593749999,SPEAKER_01
5714.091593749999,5715.9647187499995,SPEAKER_00
5715.9647187499995,5732.26596875,SPEAKER_01
